-- phpMyAdmin SQL Dump
-- version 4.6.6deb5
-- https://www.phpmyadmin.net/
--
-- Host: localhost:3306
-- Generation Time: Nov 18, 2020 at 09:48 AM
-- Server version: 5.7.31-0ubuntu0.18.04.1
-- PHP Version: 7.4.11

SET SQL_MODE = "NO_AUTO_VALUE_ON_ZERO";
SET time_zone = "+00:00";


/*!40101 SET @OLD_CHARACTER_SET_CLIENT=@@CHARACTER_SET_CLIENT */;
/*!40101 SET @OLD_CHARACTER_SET_RESULTS=@@CHARACTER_SET_RESULTS */;
/*!40101 SET @OLD_COLLATION_CONNECTION=@@COLLATION_CONNECTION */;
/*!40101 SET NAMES utf8mb4 */;

--
-- Database: `phpproject`
--

-- --------------------------------------------------------

--
-- Table structure for table `address`
--

CREATE TABLE `address` (
  `Address_ID` int(11) NOT NULL,
  `Address` varchar(200) NOT NULL,
  `Country` varchar(100) DEFAULT NULL,
  `State` varchar(100) DEFAULT NULL,
  `City` varchar(100) DEFAULT NULL,
  `Zip` varchar(100) DEFAULT NULL,
  `UserID` int(11) NOT NULL
) ENGINE=InnoDB DEFAULT CHARSET=latin1;

--
-- Dumping data for table `address`
--

INSERT INTO `address` (`Address_ID`, `Address`, `Country`, `State`, `City`, `Zip`, `UserID`) VALUES
(2, 'm', 'U', 'I', 'o', '33738', 1),
(5, 'Shakamba', 'IND', 'GUJ', 'AMD', '380015', 1);

-- --------------------------------------------------------

--
-- Table structure for table `optiongroups`
--

CREATE TABLE `optiongroups` (
  `OptionGroupID` int(11) NOT NULL,
  `OptionGroupName` varchar(50) COLLATE latin1_german2_ci DEFAULT NULL
) ENGINE=MyISAM DEFAULT CHARSET=latin1 COLLATE=latin1_german2_ci;

--
-- Dumping data for table `optiongroups`
--

INSERT INTO `optiongroups` (`OptionGroupID`, `OptionGroupName`) VALUES
(1, 'color'),
(2, 'size');

-- --------------------------------------------------------

--
-- Table structure for table `options`
--

CREATE TABLE `options` (
  `OptionID` int(11) NOT NULL,
  `OptionGroupID` int(11) DEFAULT NULL,
  `OptionName` varchar(50) COLLATE latin1_german2_ci DEFAULT NULL
) ENGINE=MyISAM DEFAULT CHARSET=latin1 COLLATE=latin1_german2_ci;

--
-- Dumping data for table `options`
--

INSERT INTO `options` (`OptionID`, `OptionGroupID`, `OptionName`) VALUES
(1, 1, 'red'),
(2, 1, 'blue'),
(3, 1, 'green'),
(4, 2, 'S'),
(5, 2, 'M'),
(6, 2, 'L'),
(7, 2, 'XL'),
(8, 2, 'XXL');

-- --------------------------------------------------------

--
-- Table structure for table `orderdetails`
--

CREATE TABLE `orderdetails` (
  `DetailID` int(11) NOT NULL,
  `DetailOrderID` int(11) NOT NULL,
  `DetailProductID` int(11) NOT NULL,
  `DetailName` varchar(250) COLLATE latin1_german2_ci NOT NULL,
  `DetailPrice` float NOT NULL,
  `DetailSKU` varchar(50) COLLATE latin1_german2_ci NOT NULL,
  `DetailQuantity` int(11) NOT NULL
) ENGINE=MyISAM DEFAULT CHARSET=latin1 COLLATE=latin1_german2_ci;

-- --------------------------------------------------------

--
-- Table structure for table `orders`
--

CREATE TABLE `orders` (
  `OrderID` int(11) NOT NULL,
  `OrderUserID` int(11) NOT NULL,
  `OrderAmount` float NOT NULL,
  `OrderShipName` varchar(100) COLLATE latin1_german2_ci NOT NULL,
  `OrderShipAddress` varchar(100) COLLATE latin1_german2_ci NOT NULL,
  `OrderShipAddress2` varchar(100) COLLATE latin1_german2_ci NOT NULL,
  `OrderCity` varchar(50) COLLATE latin1_german2_ci NOT NULL,
  `OrderState` varchar(50) COLLATE latin1_german2_ci NOT NULL,
  `OrderZip` varchar(20) COLLATE latin1_german2_ci NOT NULL,
  `OrderCountry` varchar(50) COLLATE latin1_german2_ci NOT NULL,
  `OrderPhone` varchar(20) COLLATE latin1_german2_ci NOT NULL,
  `OrderFax` varchar(20) COLLATE latin1_german2_ci NOT NULL,
  `OrderShipping` float NOT NULL,
  `OrderTax` float NOT NULL,
  `OrderEmail` varchar(100) COLLATE latin1_german2_ci NOT NULL,
  `OrderDate` timestamp NOT NULL DEFAULT CURRENT_TIMESTAMP,
  `OrderShipped` tinyint(1) NOT NULL DEFAULT '0',
  `OrderTrackingNumber` varchar(80) COLLATE latin1_german2_ci DEFAULT NULL
) ENGINE=MyISAM DEFAULT CHARSET=latin1 COLLATE=latin1_german2_ci;

-- --------------------------------------------------------

--
-- Table structure for table `productcategories`
--

CREATE TABLE `productcategories` (
  `CategoryID` int(11) NOT NULL,
  `CategoryName` varchar(50) COLLATE latin1_german2_ci NOT NULL
) ENGINE=MyISAM DEFAULT CHARSET=latin1 COLLATE=latin1_german2_ci;

--
-- Dumping data for table `productcategories`
--

INSERT INTO `productcategories` (`CategoryID`, `CategoryName`) VALUES
(1, 'Running'),
(2, 'Walking'),
(3, 'HIking'),
(4, 'Track and Trail'),
(5, 'Short Sleave'),
(6, 'Long Sleave');

-- --------------------------------------------------------

--
-- Table structure for table `productoptions`
--

CREATE TABLE `productoptions` (
  `ProductOptionID` int(10) UNSIGNED NOT NULL,
  `ProductID` int(10) UNSIGNED NOT NULL,
  `OptionID` int(10) UNSIGNED NOT NULL,
  `OptionPriceIncrement` double DEFAULT NULL,
  `OptionGroupID` int(11) NOT NULL
) ENGINE=MyISAM DEFAULT CHARSET=latin1 COLLATE=latin1_german2_ci;

--
-- Dumping data for table `productoptions`
--

INSERT INTO `productoptions` (`ProductOptionID`, `ProductID`, `OptionID`, `OptionPriceIncrement`, `OptionGroupID`) VALUES
(1, 1, 1, 0, 1),
(2, 1, 2, 0, 1),
(3, 1, 3, 0, 1),
(4, 1, 4, 0, 2),
(5, 1, 5, 0, 2),
(6, 1, 6, 0, 2),
(7, 1, 7, 2, 2),
(8, 1, 8, 2, 2);

-- --------------------------------------------------------

--
-- Table structure for table `products`
--

CREATE TABLE `products` (
  `ProductID` int(12) NOT NULL,
  `ProductSKU` varchar(50) COLLATE latin1_german2_ci NOT NULL,
  `ProductName` varchar(100) COLLATE latin1_german2_ci NOT NULL,
  `ProductPrice` float NOT NULL,
  `ProductWeight` float NOT NULL,
  `ProductCartDesc` varchar(250) COLLATE latin1_german2_ci NOT NULL,
  `ProductShortDesc` varchar(1000) COLLATE latin1_german2_ci NOT NULL,
  `ProductLongDesc` text COLLATE latin1_german2_ci NOT NULL,
  `ProductThumb` varchar(100) COLLATE latin1_german2_ci NOT NULL,
  `ProductImage` varchar(100) COLLATE latin1_german2_ci NOT NULL,
  `ProductCategoryID` int(11) DEFAULT NULL,
  `ProductUpdateDate` timestamp NOT NULL DEFAULT CURRENT_TIMESTAMP,
  `ProductStock` float DEFAULT NULL,
  `ProductLive` tinyint(1) DEFAULT '0',
  `ProductUnlimited` tinyint(1) DEFAULT '1',
  `ProductLocation` varchar(250) COLLATE latin1_german2_ci DEFAULT NULL
) ENGINE=MyISAM DEFAULT CHARSET=latin1 COLLATE=latin1_german2_ci;

--
-- Dumping data for table `products`
--

INSERT INTO `products` (`ProductID`, `ProductSKU`, `ProductName`, `ProductPrice`, `ProductWeight`, `ProductCartDesc`, `ProductShortDesc`, `ProductLongDesc`, `ProductThumb`, `ProductImage`, `ProductCategoryID`, `ProductUpdateDate`, `ProductStock`, `ProductLive`, `ProductUnlimited`, `ProductLocation`) VALUES
(1, '000-0001', 'Cotton T-Shirt', 9.99, 3, 'Light Cotton T-Shirt', 'A light cotton T-Shirt made with 100% real cotton.', 'A light cotton T-Shirt made with 100% real cotton.\r\n\r\nMade right here in the USA for over 15 years, this t-shirt is lightweight and durable.', '', '', 5, '2013-06-13 01:00:50', 100, 1, 0, NULL),
(2, '000-0004', 'Los Angeles', 179.99, 8, 'Track and Trail', 'A rugged track and trail athletic shoe', 'A rugged track and trail athletic shoe', '', '', 4, '2013-07-25 19:04:36', NULL, 0, 1, NULL),
(991, '000-0005', 'Jeans', 1222, 200, '', '', '', '', '', NULL, '2020-11-09 09:10:02', NULL, 0, 1, NULL),
(992, '000-0006', 'Vivo-A50', 2000, 150, '', '', '', '', '', NULL, '2020-11-09 09:13:28', NULL, 0, 1, NULL),
(993, '000-0007', 'Vivo-A60', 2050, 150, '', '', '', '', '', NULL, '2020-11-09 09:13:49', NULL, 0, 1, NULL),
(994, '000-0008', 'Vivo-A70', 2050, 150, '', '', '', '', '', NULL, '2020-11-09 09:14:07', NULL, 0, 1, NULL),
(995, '000-0009', 'Vivo-A80', 2055, 150, '', '', '', '', '', NULL, '2020-11-09 09:14:23', NULL, 0, 1, NULL),
(996, '000-0010', 'Vivo-A90', 2055, 150, '', '', '', '', '', NULL, '2020-11-09 09:14:39', NULL, 0, 1, NULL),
(997, '000-0011', 'Shirt Cotton', 399.99, 900, '', '', '', '', '', NULL, '2020-11-13 13:42:18', NULL, 0, 1, NULL),
(998, '000-0011', 'Plazzo Cotton red', 299.99, 300, '', '', '', '', '', NULL, '2020-11-13 13:43:47', NULL, 0, 1, NULL);

-- --------------------------------------------------------

--
-- Table structure for table `users`
--

CREATE TABLE `users` (
  `UserID` int(11) NOT NULL,
  `UserEmail` varchar(500) COLLATE latin1_german2_ci NOT NULL,
  `UserPassword` varchar(500) COLLATE latin1_german2_ci NOT NULL,
  `UserFirstName` varchar(50) COLLATE latin1_german2_ci DEFAULT NULL,
  `UserLastName` varchar(50) COLLATE latin1_german2_ci DEFAULT NULL,
  `UserCity` varchar(90) COLLATE latin1_german2_ci DEFAULT NULL,
  `UserState` varchar(20) COLLATE latin1_german2_ci DEFAULT NULL,
  `UserZip` varchar(12) COLLATE latin1_german2_ci DEFAULT NULL,
  `UserEmailVerified` tinyint(1) DEFAULT '0',
  `UserRegistrationDate` timestamp NULL DEFAULT CURRENT_TIMESTAMP,
  `UserVerificationCode` varchar(20) COLLATE latin1_german2_ci DEFAULT NULL,
  `UserIP` varchar(50) COLLATE latin1_german2_ci DEFAULT NULL,
  `UserPhone` varchar(20) COLLATE latin1_german2_ci NOT NULL,
  `UserFax` varchar(20) COLLATE latin1_german2_ci DEFAULT NULL,
  `UserCountry` varchar(20) COLLATE latin1_german2_ci DEFAULT NULL,
  `UserAddress` varchar(100) COLLATE latin1_german2_ci DEFAULT NULL,
  `UserAddress2` varchar(50) COLLATE latin1_german2_ci DEFAULT NULL
) ENGINE=MyISAM DEFAULT CHARSET=latin1 COLLATE=latin1_german2_ci;

--
-- Dumping data for table `users`
--

INSERT INTO `users` (`UserID`, `UserEmail`, `UserPassword`, `UserFirstName`, `UserLastName`, `UserCity`, `UserState`, `UserZip`, `UserEmailVerified`, `UserRegistrationDate`, `UserVerificationCode`, `UserIP`, `UserPhone`, `UserFax`, `UserCountry`, `UserAddress`, `UserAddress2`) VALUES
(1, 'masumi@gmail.com', '3b67893ac44b1108ed0417c03f20906a', 'Masumi', 'Upadhyay', NULL, NULL, NULL, 0, '2020-11-13 12:55:23', NULL, 'test1.txt', '8490960230', NULL, NULL, NULL, NULL);

--
-- Indexes for dumped tables
--

--
-- Indexes for table `address`
--
ALTER TABLE `address`
  ADD PRIMARY KEY (`Address_ID`);

--
-- Indexes for table `optiongroups`
--
ALTER TABLE `optiongroups`
  ADD PRIMARY KEY (`OptionGroupID`);

--
-- Indexes for table `options`
--
ALTER TABLE `options`
  ADD PRIMARY KEY (`OptionID`);

--
-- Indexes for table `orderdetails`
--
ALTER TABLE `orderdetails`
  ADD PRIMARY KEY (`DetailID`);

--
-- Indexes for table `orders`
--
ALTER TABLE `orders`
  ADD PRIMARY KEY (`OrderID`);

--
-- Indexes for table `productcategories`
--
ALTER TABLE `productcategories`
  ADD PRIMARY KEY (`CategoryID`);

--
-- Indexes for table `productoptions`
--
ALTER TABLE `productoptions`
  ADD PRIMARY KEY (`ProductOptionID`);

--
-- Indexes for table `products`
--
ALTER TABLE `products`
  ADD PRIMARY KEY (`ProductID`);

--
-- Indexes for table `users`
--
ALTER TABLE `users`
  ADD PRIMARY KEY (`UserID`),
  ADD UNIQUE KEY `UserEmail` (`UserEmail`),
  ADD UNIQUE KEY `UserPhone` (`UserPhone`);

--
-- AUTO_INCREMENT for dumped tables
--

--
-- AUTO_INCREMENT for table `address`
--
ALTER TABLE `address`
  MODIFY `Address_ID` int(11) NOT NULL AUTO_INCREMENT, AUTO_INCREMENT=6;
--
-- AUTO_INCREMENT for table `optiongroups`
--
ALTER TABLE `optiongroups`
  MODIFY `OptionGroupID` int(11) NOT NULL AUTO_INCREMENT, AUTO_INCREMENT=4;
--
-- AUTO_INCREMENT for table `options`
--
ALTER TABLE `options`
  MODIFY `OptionID` int(11) NOT NULL AUTO_INCREMENT, AUTO_INCREMENT=9;
--
-- AUTO_INCREMENT for table `orderdetails`
--
ALTER TABLE `orderdetails`
  MODIFY `DetailID` int(11) NOT NULL AUTO_INCREMENT;
--
-- AUTO_INCREMENT for table `orders`
--
ALTER TABLE `orders`
  MODIFY `OrderID` int(11) NOT NULL AUTO_INCREMENT;
--
-- AUTO_INCREMENT for table `productcategories`
--
ALTER TABLE `productcategories`
  MODIFY `CategoryID` int(11) NOT NULL AUTO_INCREMENT, AUTO_INCREMENT=7;
--
-- AUTO_INCREMENT for table `productoptions`
--
ALTER TABLE `productoptions`
  MODIFY `ProductOptionID` int(10) UNSIGNED NOT NULL AUTO_INCREMENT, AUTO_INCREMENT=9;
--
-- AUTO_INCREMENT for table `products`
--
ALTER TABLE `products`
  MODIFY `ProductID` int(12) NOT NULL AUTO_INCREMENT, AUTO_INCREMENT=999;
--
-- AUTO_INCREMENT for table `users`
--
ALTER TABLE `users`
  MODIFY `UserID` int(11) NOT NULL AUTO_INCREMENT, AUTO_INCREMENT=2;
/*!40101 SET CHARACTER_SET_CLIENT=@OLD_CHARACTER_SET_CLIENT */;
/*!40101 SET CHARACTER_SET_RESULTS=@OLD_CHARACTER_SET_RESULTS */;
/*!40101 SET COLLATION_CONNECTION=@OLD_COLLATION_CONNECTION */;
